STATION,NAME,LATITUDE,LONGITUDE,ELEVATION,DATE,AWND,PRCP,SNOW,SNWD,TAVG,TMAX,TMIN
USW00093721,"BALTIMORE WASHINGTON INTERNATIONAL AIRPORT, MD US",39.1733,-76.684,47.5,2014-01-01,3.58,0,0,0,32,44,23
USW00093721,"BALTIMORE WASHINGTON INTERNATIONAL AIRPORT, MD US",39.1733,-76.684,47.5,2014-01-02,7.16,0.39,3.6,0,33,36,28
USW00093721,"BALTIMORE WASHINGTON INTERNATIONAL AIRPORT, MD US",39.1733,-76.684,47.5,2014-01-03,10.51,0.05,0.6,3.9,22,27,9
USW00093721,"BALTIMORE WASHINGTON INTERNATIONAL AIRPORT, MD US",39.1733,-76.684,47.5,2014-01-04,2.68,0,0,3.1,17,32,6
USW00093721,"BALTIMORE WASHINGTON INTERNATIONAL AIRPORT, MD US",39.1733,-76.684,47.5,2014-01-05,3.36,0.11,0,2,28,37,17
USW00093721,"BALTIMORE WASHINGTON INTERNATIONAL AIRPORT, MD US",39.1733,-76.684,47.5,2014-01-06,15.21,0.15,0,0,38,45,8
USW00093721,"BALTIMORE WASHINGTON INTERNATIONAL AIRPORT, MD US",39.1733,-76.684,47.5,2014-01-07,12.75,0,0,0,10,16,3
USW00093721,"BALTIMORE WASHINGTON INTERNATIONAL AIRPORT, MD US",39.1733,-76.684,47.5,2014-01-08,2.24,0,0,0,16,29,6
USW00093721,"BALTIMORE WASHINGTON INTERNATIONAL AIRPORT, MD US",39.1733,-76.684,47.5,2014-01-09,2.91,0,0,0,29,36,25
USW00093721,"BALTIMORE WASHINGTON INTERNATIONAL AIRPORT, MD US",39.1733,-76.684,47.5,2014-01-10,2.68,0.53,0,0,32,37,29
USW00093721,"BALTIMORE WASHINGTON INTERNATIONAL AIRPORT, MD US",39.1733,-76.684,47.5,2014-01-11,4.47,0.75,0,0,41,57,35
USW00093721,"BALTIMORE WASHINGTON INTERNATIONAL AIRPORT, MD US",39.1733,-76.684,47.5,2014-01-12,9.17,0,0,0,46,51,29
USW00093721,"BALTIMORE WASHINGTON INTERNATIONAL AIRPORT, MD US",39.1733,-76.684,47.5,2014-01-13,3.8,0,0,0,38,58,25
USW00093721,"BALTIMORE WASHINGTON INTERNATIONAL AIRPORT, MD US",39.1733,-76.684,47.5,2014-01-14,4.25,0.28,0,0,49,53,36
USW00093721,"BALTIMORE WASHINGTON INTERNATIONAL AIRPORT, MD US",39.1733,-76.684,47.5,2014-01-15,2.68,0,0,0,39,45,32
USW00093721,"BALTIMORE WASHINGTON INTERNATIONAL AIRPORT, MD US",39.1733,-76.684,47.5,2014-01-16,4.25,0,0,0,37,40,25
USW00093721,"BALTIMORE WASHINGTON INTERNATIONAL AIRPORT, MD US",39.1733,-76.684,47.5,2014-01-17,2.91,0,0,0,32,44,23
USW00093721,"BALTIMORE WASHINGTON INTERNATIONAL AIRPORT, MD US",39.1733,-76.684,47.5,2014-01-18,11.63,0,0,0,32,35,20
USW00093721,"BALTIMORE WASHINGTON INTERNATIONAL AIRPORT, MD US",39.1733,-76.684,47.5,2014-01-19,6.49,0,0,0,29,47,20
USW00093721,"BALTIMORE WASHINGTON INTERNATIONAL AIRPORT, MD US",39.1733,-76.684,47.5,2014-01-20,7.16,0,0,0,43,53,33
USW00093721,"BALTIMORE WASHINGTON INTERNATIONAL AIRPORT, MD US",39.1733,-76.684,47.5,2014-01-21,10.51,0.42,5.1,0,31,39,14
USW00093721,"BALTIMORE WASHINGTON INTERNATIONAL AIRPORT, MD US",39.1733,-76.684,47.5,2014-01-22,10.96,0,0,3.9,11,15,4
USW00093721,"BALTIMORE WASHINGTON INTERNATIONAL AIRPORT, MD US",39.1733,-76.684,47.5,2014-01-23,8.5,0,0,2,13,24,3
USW00093721,"BALTIMORE WASHINGTON INTERNATIONAL AIRPORT, MD US",39.1733,-76.684,47.5,2014-01-24,8.28,0,0,2,13,20,6
USW00093721,"BALTIMORE WASHINGTON INTERNATIONAL AIRPORT, MD US",39.1733,-76.684,47.5,2014-01-25,9.62,0,0.2,1.2,22,31,19
USW00093721,"BALTIMORE WASHINGTON INTERNATIONAL AIRPORT, MD US",39.1733,-76.684,47.5,2014-01-26,4.92,0,0,1.2,25,30,13
USW00093721,"BALTIMORE WASHINGTON INTERNATIONAL AIRPORT, MD US",39.1733,-76.684,47.5,2014-01-27,10.07,0,0,1.2,32,47,19
USW00093721,"BALTIMORE WASHINGTON INTERNATIONAL AIRPORT, MD US",39.1733,-76.684,47.5,2014-01-28,7.16,0,0.1,0,17,19,11
USW00093721,"BALTIMORE WASHINGTON INTERNATIONAL AIRPORT, MD US",39.1733,-76.684,47.5,2014-01-29,6.93,0.03,0.2,0,15,22,9
USW00093721,"BALTIMORE WASHINGTON INTERNATIONAL AIRPORT, MD US",39.1733,-76.684,47.5,2014-01-30,2.91,0,0,0,17,29,5
USW00093721,"BALTIMORE WASHINGTON INTERNATIONAL AIRPORT, MD US",39.1733,-76.684,47.5,2014-01-31,1.34,0,0,0,29,49,17
USW00093721,"BALTIMORE WASHINGTON INTERNATIONAL AIRPORT, MD US",39.1733,-76.684,47.5,2014-02-01,3.36,0,0,0,35,48,25
USW00093721,"BALTIMORE WASHINGTON INTERNATIONAL AIRPORT, MD US",39.1733,-76.684,47.5,2014-02-02,2.46,0,0,0,41,57,28
USW00093721,"BALTIMORE WASHINGTON INTERNATIONAL AIRPORT, MD US",39.1733,-76.684,47.5,2014-02-03,8.28,1.34,0,0,40,46,31
USW00093721,"BALTIMORE WASHINGTON INTERNATIONAL AIRPORT, MD US",39.1733,-76.684,47.5,2014-02-04,4.47,0.03,0,0,31,35,25
USW00093721,"BALTIMORE WASHINGTON INTERNATIONAL AIRPORT, MD US",39.1733,-76.684,47.5,2014-02-05,9.17,0.57,0,0,33,41,30
USW00093721,"BALTIMORE WASHINGTON INTERNATIONAL AIRPORT, MD US",39.1733,-76.684,47.5,2014-02-06,7.16,0,0,0,31,35,26
USW00093721,"BALTIMORE WASHINGTON INTERNATIONAL AIRPORT, MD US",39.1733,-76.684,47.5,2014-02-07,2.46,0,0,0,31,42,22
USW00093721,"BALTIMORE WASHINGTON INTERNATIONAL AIRPORT, MD US",39.1733,-76.684,47.5,2014-02-08,2.46,0,0,0,29,32,22
USW00093721,"BALTIMORE WASHINGTON INTERNATIONAL AIRPORT, MD US",39.1733,-76.684,47.5,2014-02-09,2.91,0.05,0.6,0,26,31,20
USW00093721,"BALTIMORE WASHINGTON INTERNATIONAL AIRPORT, MD US",39.1733,-76.684,47.5,2014-02-10,6.93,0,0,1.2,26,30,19
USW00093721,"BALTIMORE WASHINGTON INTERNATIONAL AIRPORT, MD US",39.1733,-76.684,47.5,2014-02-11,4.47,0,0,0,23,30,14
USW00093721,"BALTIMORE WASHINGTON INTERNATIONAL AIRPORT, MD US",39.1733,-76.684,47.5,2014-02-12,8.5,0.09,1.9,0,21,27,15
USW00093721,"BALTIMORE WASHINGTON INTERNATIONAL AIRPORT, MD US",39.1733,-76.684,47.5,2014-02-13,12.75,1.77,9.6,9.1,30,37,24
USW00093721,"BALTIMORE WASHINGTON INTERNATIONAL AIRPORT, MD US",39.1733,-76.684,47.5,2014-02-14,8.05,0,0,7.9,38,46,30
USW00093721,"BALTIMORE WASHINGTON INTERNATIONAL AIRPORT, MD US",39.1733,-76.684,47.5,2014-02-15,12.3,0.06,0,5.1,34,36,27
USW00093721,"BALTIMORE WASHINGTON INTERNATIONAL AIRPORT, MD US",39.1733,-76.684,47.5,2014-02-16,7.61,0,0,2,29,36,21
USW00093721,"BALTIMORE WASHINGTON INTERNATIONAL AIRPORT, MD US",39.1733,-76.684,47.5,2014-02-17,4.7,0,0,2,26,34,19
USW00093721,"BALTIMORE WASHINGTON INTERNATIONAL AIRPORT, MD US",39.1733,-76.684,47.5,2014-02-18,4.03,0.09,0.9,3,34,51,26
USW00093721,"BALTIMORE WASHINGTON INTERNATIONAL AIRPORT, MD US",39.1733,-76.684,47.5,2014-02-19,5.82,0.11,0,2,38,57,27
USW00093721,"BALTIMORE WASHINGTON INTERNATIONAL AIRPORT, MD US",39.1733,-76.684,47.5,2014-02-20,3.58,0,0,0,42,52,28
USW00093721,"BALTIMORE WASHINGTON INTERNATIONAL AIRPORT, MD US",39.1733,-76.684,47.5,2014-02-21,2.68,0.36,0,0,45,63,32
USW00093721,"BALTIMORE WASHINGTON INTERNATIONAL AIRPORT, MD US",39.1733,-76.684,47.5,2014-02-22,5.37,0,0,0,42,61,27
USW00093721,"BALTIMORE WASHINGTON INTERNATIONAL AIRPORT, MD US",39.1733,-76.684,47.5,2014-02-23,6.71,0,0,0,50,60,43
USW00093721,"BALTIMORE WASHINGTON INTERNATIONAL AIRPORT, MD US",39.1733,-76.684,47.5,2014-02-24,11.41,0.01,0,0,41,44,25
USW00093721,"BALTIMORE WASHINGTON INTERNATIONAL AIRPORT, MD US",39.1733,-76.684,47.5,2014-02-25,3.8,0.06,0.6,0,29,35,23
USW00093721,"BALTIMORE WASHINGTON INTERNATIONAL AIRPORT, MD US",39.1733,-76.684,47.5,2014-02-26,6.49,0.04,0.6,0,29,36,20
USW00093721,"BALTIMORE WASHINGTON INTERNATIONAL AIRPORT, MD US",39.1733,-76.684,47.5,2014-02-27,10.51,0,0,0,26,38,14
USW00093721,"BALTIMORE WASHINGTON INTERNATIONAL AIRPORT, MD US",39.1733,-76.684,47.5,2014-02-28,4.03,0,0,0,19,27,11
USW00093721,"BALTIMORE WASHINGTON INTERNATIONAL AIRPORT, MD US",39.1733,-76.684,47.5,2014-03-01,2.24,0,0,0,25,44,14
USW00093721,"BALTIMORE WASHINGTON INTERNATIONAL AIRPORT, MD US",39.1733,-76.684,47.5,2014-03-02,2.91,0.29,0,0,37,45,31
USW00093721,"BALTIMORE WASHINGTON INTERNATIONAL AIRPORT, MD US",39.1733,-76.684,47.5,2014-03-03,7.61,0.63,3.8,2,26,34,5
USW00093721,"BALTIMORE WASHINGTON INTERNATIONAL AIRPORT, MD US",39.1733,-76.684,47.5,2014-03-04,2.24,0,0,3.9,15,29,4
USW00093721,"BALTIMORE WASHINGTON INTERNATIONAL AIRPORT, MD US",39.1733,-76.684,47.5,2014-03-05,4.25,0,0,0,27,44,15
USW00093721,"BALTIMORE WASHINGTON INTERNATIONAL AIRPORT, MD US",39.1733,-76.684,47.5,2014-03-06,10.74,0,0,0,29,31,22
USW00093721,"BALTIMORE WASHINGTON INTERNATIONAL AIRPORT, MD US",39.1733,-76.684,47.5,2014-03-07,9.62,0,0,0,33,42,29
USW00093721,"BALTIMORE WASHINGTON INTERNATIONAL AIRPORT, MD US",39.1733,-76.684,47.5,2014-03-08,5.59,0,0,0,43,62,26
USW00093721,"BALTIMORE WASHINGTON INTERNATIONAL AIRPORT, MD US",39.1733,-76.684,47.5,2014-03-09,8.72,0,0,0,46,49,36
USW00093721,"BALTIMORE WASHINGTON INTERNATIONAL AIRPORT, MD US",39.1733,-76.684,47.5,2014-03-10,5.59,0,0,0,44,60,37
USW00093721,"BALTIMORE WASHINGTON INTERNATIONAL AIRPORT, MD US",39.1733,-76.684,47.5,2014-03-11,2.68,0,0,0,53,67,41
USW00093721,"BALTIMORE WASHINGTON INTERNATIONAL AIRPORT, MD US",39.1733,-76.684,47.5,2014-03-12,9.4,0.1,0,0,52,67,31
USW00093721,"BALTIMORE WASHINGTON INTERNATIONAL AIRPORT, MD US",39.1733,-76.684,47.5,2014-03-13,18.57,0,0,0,30,33,20
USW00093721,"BALTIMORE WASHINGTON INTERNATIONAL AIRPORT, MD US",39.1733,-76.684,47.5,2014-03-14,6.71,0,0,0,35,55,22
USW00093721,"BALTIMORE WASHINGTON INTERNATIONAL AIRPORT, MD US",39.1733,-76.684,47.5,2014-03-15,10.51,0,0,0,54,66,39
USW00093721,"BALTIMORE WASHINGTON INTERNATIONAL AIRPORT, MD US",39.1733,-76.684,47.5,2014-03-16,8.72,0.19,4.9,0,42,45,26
USW00093721,"BALTIMORE WASHINGTON INTERNATIONAL AIRPORT, MD US",39.1733,-76.684,47.5,2014-03-17,9.17,0.27,3.2,7.1,27,31,24
USW00093721,"BALTIMORE WASHINGTON INTERNATIONAL AIRPORT, MD US",39.1733,-76.684,47.5,2014-03-18,9.62,0,0,5.1,33,41,30
USW00093721,"BALTIMORE WASHINGTON INTERNATIONAL AIRPORT, MD US",39.1733,-76.684,47.5,2014-03-19,4.7,0.23,0,0,38,42,35
USW00093721,"BALTIMORE WASHINGTON INTERNATIONAL AIRPORT, MD US",39.1733,-76.684,47.5,2014-03-20,10.74,0,0,0,46,56,38
USW00093721,"BALTIMORE WASHINGTON INTERNATIONAL AIRPORT, MD US",39.1733,-76.684,47.5,2014-03-21,5.37,0.07,0,0,44,53,31
USW00093721,"BALTIMORE WASHINGTON INTERNATIONAL AIRPORT, MD US",39.1733,-76.684,47.5,2014-03-22,5.82,0,0,0,48,69,34
USW00093721,"BALTIMORE WASHINGTON INTERNATIONAL AIRPORT, MD US",39.1733,-76.684,47.5,2014-03-23,8.05,0,0,0,45,48,32
USW00093721,"BALTIMORE WASHINGTON INTERNATIONAL AIRPORT, MD US",39.1733,-76.684,47.5,2014-03-24,7.38,0,0,0,32,39,22
USW00093721,"BALTIMORE WASHINGTON INTERNATIONAL AIRPORT, MD US",39.1733,-76.684,47.5,2014-03-25,4.7,0.16,0.2,0,30,35,24
USW00093721,"BALTIMORE WASHINGTON INTERNATIONAL AIRPORT, MD US",39.1733,-76.684,47.5,2014-03-26,14.99,0,0,0,31,36,25
USW00093721,"BALTIMORE WASHINGTON INTERNATIONAL AIRPORT, MD US",39.1733,-76.684,47.5,2014-03-27,4.7,0,0,0,32,44,20
USW00093721,"BALTIMORE WASHINGTON INTERNATIONAL AIRPORT, MD US",39.1733,-76.684,47.5,2014-03-28,9.17,0.05,0,0,49,66,35
USW00093721,"BALTIMORE WASHINGTON INTERNATIONAL AIRPORT, MD US",39.1733,-76.684,47.5,2014-03-29,7.16,0.99,0,0,55,60,50
USW00093721,"BALTIMORE WASHINGTON INTERNATIONAL AIRPORT, MD US",39.1733,-76.684,47.5,2014-03-30,11.41,1.4,0,0,46,56,33
USW00093721,"BALTIMORE WASHINGTON INTERNATIONAL AIRPORT, MD US",39.1733,-76.684,47.5,2014-03-31,10.74,0,0,0,48,65,39
USW00093721,"BALTIMORE WASHINGTON INTERNATIONAL AIRPORT, MD US",39.1733,-76.684,47.5,2014-04-01,4.25,0,0,0,51,62,38
USW00093721,"BALTIMORE WASHINGTON INTERNATIONAL AIRPORT, MD US",39.1733,-76.684,47.5,2014-04-02,2.91,0,0,0,50,62,40
USW00093721,"BALTIMORE WASHINGTON INTERNATIONAL AIRPORT, MD US",39.1733,-76.684,47.5,2014-04-03,5.14,0.03,0,0,54,63,48
USW00093721,"BALTIMORE WASHINGTON INTERNATIONAL AIRPORT, MD US",39.1733,-76.684,47.5,2014-04-04,10.51,0.12,0,0,50,54,46
USW00093721,"BALTIMORE WASHINGTON INTERNATIONAL AIRPORT, MD US",39.1733,-76.684,47.5,2014-04-05,11.18,0,0,0,50,57,42
USW00093721,"BALTIMORE WASHINGTON INTERNATIONAL AIRPORT, MD US",39.1733,-76.684,47.5,2014-04-06,4.03,0,0,0,46,59,33
USW00093721,"BALTIMORE WASHINGTON INTERNATIONAL AIRPORT, MD US",39.1733,-76.684,47.5,2014-04-07,5.37,0.45,0,0,44,53,38
USW00093721,"BALTIMORE WASHINGTON INTERNATIONAL AIRPORT, MD US",39.1733,-76.684,47.5,2014-04-08,9.62,0.07,0,0,56,64,43
USW00093721,"BALTIMORE WASHINGTON INTERNATIONAL AIRPORT, MD US",39.1733,-76.684,47.5,2014-04-09,7.16,0,0,0,52,66,36
USW00093721,"BALTIMORE WASHINGTON INTERNATIONAL AIRPORT, MD US",39.1733,-76.684,47.5,2014-04-10,6.71,0,0,0,54,70,35
USW00093721,"BALTIMORE WASHINGTON INTERNATIONAL AIRPORT, MD US",39.1733,-76.684,47.5,2014-04-11,7.83,0,0,0,66,80,51
USW00093721,"BALTIMORE WASHINGTON INTERNATIONAL AIRPORT, MD US",39.1733,-76.684,47.5,2014-04-12,4.7,0,0,0,63,73,49
USW00093721,"BALTIMORE WASHINGTON INTERNATIONAL AIRPORT, MD US",39.1733,-76.684,47.5,2014-04-13,5.82,0,0,0,65,83,49
USW00093721,"BALTIMORE WASHINGTON INTERNATIONAL AIRPORT, MD US",39.1733,-76.684,47.5,2014-04-14,11.41,0,0,0,69,78,62
USW00093721,"BALTIMORE WASHINGTON INTERNATIONAL AIRPORT, MD US",39.1733,-76.684,47.5,2014-04-15,10.29,2.42,0,0,61,67,35
USW00093721,"BALTIMORE WASHINGTON INTERNATIONAL AIRPORT, MD US",39.1733,-76.684,47.5,2014-04-16,9.17,0,0,0,38,49,31
USW00093721,"BALTIMORE WASHINGTON INTERNATIONAL AIRPORT, MD US",39.1733,-76.684,47.5,2014-04-17,7.83,0,0,0,42,52,30
USW00093721,"BALTIMORE WASHINGTON INTERNATIONAL AIRPORT, MD US",39.1733,-76.684,47.5,2014-04-18,3.8,0,0,0,43,52,37
USW00093721,"BALTIMORE WASHINGTON INTERNATIONAL AIRPORT, MD US",39.1733,-76.684,47.5,2014-04-19,4.25,0,0,0,52,68,39
USW00093721,"BALTIMORE WASHINGTON INTERNATIONAL AIRPORT, MD US",39.1733,-76.684,47.5,2014-04-20,8.72,0,0,0,54,61,43
USW00093721,"BALTIMORE WASHINGTON INTERNATIONAL AIRPORT, MD US",39.1733,-76.684,47.5,2014-04-21,2.46,0,0,0,51,67,34
USW00093721,"BALTIMORE WASHINGTON INTERNATIONAL AIRPORT, MD US",39.1733,-76.684,47.5,2014-04-22,4.7,0.26,0,0,58,76,47
USW00093721,"BALTIMORE WASHINGTON INTERNATIONAL AIRPORT, MD US",39.1733,-76.684,47.5,2014-04-23,15.21,0,0,0,54,60,41
USW00093721,"BALTIMORE WASHINGTON INTERNATIONAL AIRPORT, MD US",39.1733,-76.684,47.5,2014-04-24,7.16,0,0,0,50,64,36
USW00093721,"BALTIMORE WASHINGTON INTERNATIONAL AIRPORT, MD US",39.1733,-76.684,47.5,2014-04-25,7.61,0.63,0,0,52,65,38
USW00093721,"BALTIMORE WASHINGTON INTERNATIONAL AIRPORT, MD US",39.1733,-76.684,47.5,2014-04-26,10.96,0,0,0,59,76,49
USW00093721,"BALTIMORE WASHINGTON INTERNATIONAL AIRPORT, MD US",39.1733,-76.684,47.5,2014-04-27,5.59,0,0,0,58,66,44
USW00093721,"BALTIMORE WASHINGTON INTERNATIONAL AIRPORT, MD US",39.1733,-76.684,47.5,2014-04-28,6.26,0.32,0,0,54,60,48
USW00093721,"BALTIMORE WASHINGTON INTERNATIONAL AIRPORT, MD US",39.1733,-76.684,47.5,2014-04-29,14.32,1.24,0,0,49,50,47
USW00093721,"BALTIMORE WASHINGTON INTERNATIONAL AIRPORT, MD US",39.1733,-76.684,47.5,2014-04-30,10.07,3.06,0,0,52,65,48
USW00093721,"BALTIMORE WASHINGTON INTERNATIONAL AIRPORT, MD US",39.1733,-76.684,47.5,2014-05-01,4.03,0.27,0,0,67,79,58
USW00093721,"BALTIMORE WASHINGTON INTERNATIONAL AIRPORT, MD US",39.1733,-76.684,47.5,2014-05-02,6.71,0,0,0,61,70,49
USW00093721,"BALTIMORE WASHINGTON INTERNATIONAL AIRPORT, MD US",39.1733,-76.684,47.5,2014-05-03,3.36,0.03,0,0,62,72,51
USW00093721,"BALTIMORE WASHINGTON INTERNATIONAL AIRPORT, MD US",39.1733,-76.684,47.5,2014-05-04,7.61,0,0,0,60,75,43
USW00093721,"BALTIMORE WASHINGTON INTERNATIONAL AIRPORT, MD US",39.1733,-76.684,47.5,2014-05-05,7.83,0,0,0,57,66,43
USW00093721,"BALTIMORE WASHINGTON INTERNATIONAL AIRPORT, MD US",39.1733,-76.684,47.5,2014-05-06,3.36,0,0,0,60,73,51
USW00093721,"BALTIMORE WASHINGTON INTERNATIONAL AIRPORT, MD US",39.1733,-76.684,47.5,2014-05-07,6.71,0.17,0,0,57,61,51
USW00093721,"BALTIMORE WASHINGTON INTERNATIONAL AIRPORT, MD US",39.1733,-76.684,47.5,2014-05-08,4.47,0,0,0,64,85,56
USW00093721,"BALTIMORE WASHINGTON INTERNATIONAL AIRPORT, MD US",39.1733,-76.684,47.5,2014-05-09,5.59,0,0,0,63,69,58
USW00093721,"BALTIMORE WASHINGTON INTERNATIONAL AIRPORT, MD US",39.1733,-76.684,47.5,2014-05-10,6.49,0.29,0,0,70,80,61
USW00093721,"BALTIMORE WASHINGTON INTERNATIONAL AIRPORT, MD US",39.1733,-76.684,47.5,2014-05-11,4.25,0,0,0,68,80,56
USW00093721,"BALTIMORE WASHINGTON INTERNATIONAL AIRPORT, MD US",39.1733,-76.684,47.5,2014-05-12,3.36,0,0,0,70,86,54
USW00093721,"BALTIMORE WASHINGTON INTERNATIONAL AIRPORT, MD US",39.1733,-76.684,47.5,2014-05-13,7.16,0,0,0,76,86,58
USW00093721,"BALTIMORE WASHINGTON INTERNATIONAL AIRPORT, MD US",39.1733,-76.684,47.5,2014-05-14,9.17,0,0,0,61,65,57
USW00093721,"BALTIMORE WASHINGTON INTERNATIONAL AIRPORT, MD US",39.1733,-76.684,47.5,2014-05-15,10.74,0.01,0,0,69,80,62
USW00093721,"BALTIMORE WASHINGTON INTERNATIONAL AIRPORT, MD US",39.1733,-76.684,47.5,2014-05-16,8.28,1.71,0,0,66,72,56
USW00093721,"BALTIMORE WASHINGTON INTERNATIONAL AIRPORT, MD US",39.1733,-76.684,47.5,2014-05-17,5.59,0,0,0,59,67,48
USW00093721,"BALTIMORE WASHINGTON INTERNATIONAL AIRPORT, MD US",39.1733,-76.684,47.5,2014-05-18,5.37,0,0,0,58,67,49
USW00093721,"BALTIMORE WASHINGTON INTERNATIONAL AIRPORT, MD US",39.1733,-76.684,47.5,2014-05-19,5.82,0,0,0,59,73,44
USW00093721,"BALTIMORE WASHINGTON INTERNATIONAL AIRPORT, MD US",39.1733,-76.684,47.5,2014-05-20,2.24,0,0,0,64,78,49
USW00093721,"BALTIMORE WASHINGTON INTERNATIONAL AIRPORT, MD US",39.1733,-76.684,47.5,2014-05-21,4.03,0.08,0,0,66,73,59
USW00093721,"BALTIMORE WASHINGTON INTERNATIONAL AIRPORT, MD US",39.1733,-76.684,47.5,2014-05-22,6.93,0.12,0,0,71,84,63
USW00093721,"BALTIMORE WASHINGTON INTERNATIONAL AIRPORT, MD US",39.1733,-76.684,47.5,2014-05-23,10.51,0,0,0,68,77,54
USW00093721,"BALTIMORE WASHINGTON INTERNATIONAL AIRPORT, MD US",39.1733,-76.684,47.5,2014-05-24,6.71,0,0,0,64,76,50
USW00093721,"BALTIMORE WASHINGTON INTERNATIONAL AIRPORT, MD US",39.1733,-76.684,47.5,2014-05-25,3.58,0,0,0,69,82,53
USW00093721,"BALTIMORE WASHINGTON INTERNATIONAL AIRPORT, MD US",39.1733,-76.684,47.5,2014-05-26,5.37,0,0,0,72,86,57
USW00093721,"BALTIMORE WASHINGTON INTERNATIONAL AIRPORT, MD US",39.1733,-76.684,47.5,2014-05-27,7.38,0.3,0,0,76,90,63
USW00093721,"BALTIMORE WASHINGTON INTERNATIONAL AIRPORT, MD US",39.1733,-76.684,47.5,2014-05-28,9.4,0.07,0,0,73,83,57
USW00093721,"BALTIMORE WASHINGTON INTERNATIONAL AIRPORT, MD US",39.1733,-76.684,47.5,2014-05-29,7.61,0.29,0,0,57,57,54
USW00093721,"BALTIMORE WASHINGTON INTERNATIONAL AIRPORT, MD US",39.1733,-76.684,47.5,2014-05-30,4.25,0.01,0,0,62,75,56
USW00093721,"BALTIMORE WASHINGTON INTERNATIONAL AIRPORT, MD US",39.1733,-76.684,47.5,2014-05-31,6.93,0,0,0,69,78,56
USW00093721,"BALTIMORE WASHINGTON INTERNATIONAL AIRPORT, MD US",39.1733,-76.684,47.5,2014-06-01,3.58,0,0,0,65,75,50
USW00093721,"BALTIMORE WASHINGTON INTERNATIONAL AIRPORT, MD US",39.1733,-76.684,47.5,2014-06-02,4.92,0,0,0,67,80,53
USW00093721,"BALTIMORE WASHINGTON INTERNATIONAL AIRPORT, MD US",39.1733,-76.684,47.5,2014-06-03,3.8,0.19,0,0,74,87,62
USW00093721,"BALTIMORE WASHINGTON INTERNATIONAL AIRPORT, MD US",39.1733,-76.684,47.5,2014-06-04,4.7,0.14,0,0,77,87,65
USW00093721,"BALTIMORE WASHINGTON INTERNATIONAL AIRPORT, MD US",39.1733,-76.684,47.5,2014-06-05,7.83,0.21,0,0,71,79,62
USW00093721,"BALTIMORE WASHINGTON INTERNATIONAL AIRPORT, MD US",39.1733,-76.684,47.5,2014-06-06,5.37,0,0,0,68,78,57
USW00093721,"BALTIMORE WASHINGTON INTERNATIONAL AIRPORT, MD US",39.1733,-76.684,47.5,2014-06-07,2.68,0,0,0,70,85,55
USW00093721,"BALTIMORE WASHINGTON INTERNATIONAL AIRPORT, MD US",39.1733,-76.684,47.5,2014-06-08,5.82,0,0,0,72,83,58
USW00093721,"BALTIMORE WASHINGTON INTERNATIONAL AIRPORT, MD US",39.1733,-76.684,47.5,2014-06-09,3.36,0.17,0,0,74,81,67
USW00093721,"BALTIMORE WASHINGTON INTERNATIONAL AIRPORT, MD US",39.1733,-76.684,47.5,2014-06-10,2.91,0.36,0,0,76,84,70
USW00093721,"BALTIMORE WASHINGTON INTERNATIONAL AIRPORT, MD US",39.1733,-76.684,47.5,2014-06-11,10.51,0.12,0,0,74,82,68
USW00093721,"BALTIMORE WASHINGTON INTERNATIONAL AIRPORT, MD US",39.1733,-76.684,47.5,2014-06-12,7.38,0.27,0,0,71,76,68
USW00093721,"BALTIMORE WASHINGTON INTERNATIONAL AIRPORT, MD US",39.1733,-76.684,47.5,2014-06-13,4.47,0.03,0,0,74,83,66
USW00093721,"BALTIMORE WASHINGTON INTERNATIONAL AIRPORT, MD US",39.1733,-76.684,47.5,2014-06-14,8.95,0,0,0,70,75,60
USW00093721,"BALTIMORE WASHINGTON INTERNATIONAL AIRPORT, MD US",39.1733,-76.684,47.5,2014-06-15,3.36,0,0,0,68,83,51
USW00093721,"BALTIMORE WASHINGTON INTERNATIONAL AIRPORT, MD US",39.1733,-76.684,47.5,2014-06-16,2.01,0,0,0,74,90,59
USW00093721,"BALTIMORE WASHINGTON INTERNATIONAL AIRPORT, MD US",39.1733,-76.684,47.5,2014-06-17,6.26,0,0,0,83,94,68
USW00093721,"BALTIMORE WASHINGTON INTERNATIONAL AIRPORT, MD US",39.1733,-76.684,47.5,2014-06-18,9.4,0.17,0,0,86,96,73
USW00093721,"BALTIMORE WASHINGTON INTERNATIONAL AIRPORT, MD US",39.1733,-76.684,47.5,2014-06-19,4.03,1.5,0,0,77,83,68
USW00093721,"BALTIMORE WASHINGTON INTERNATIONAL AIRPORT, MD US",39.1733,-76.684,47.5,2014-06-20,4.7,0,0,0,73,83,64
USW00093721,"BALTIMORE WASHINGTON INTERNATIONAL AIRPORT, MD US",39.1733,-76.684,47.5,2014-06-21,3.13,0,0,0,70,72,66
USW00093721,"BALTIMORE WASHINGTON INTERNATIONAL AIRPORT, MD US",39.1733,-76.684,47.5,2014-06-22,3.36,0,0,0,72,80,66
USW00093721,"BALTIMORE WASHINGTON INTERNATIONAL AIRPORT, MD US",39.1733,-76.684,47.5,2014-06-23,5.59,0,0,0,72,82,61
USW00093721,"BALTIMORE WASHINGTON INTERNATIONAL AIRPORT, MD US",39.1733,-76.684,47.5,2014-06-24,6.49,0,0,0,74,84,65
USW00093721,"BALTIMORE WASHINGTON INTERNATIONAL AIRPORT, MD US",39.1733,-76.684,47.5,2014-06-25,5.37,0.79,0,0,79,88,71
USW00093721,"BALTIMORE WASHINGTON INTERNATIONAL AIRPORT, MD US",39.1733,-76.684,47.5,2014-06-26,6.04,0,0,0,78,87,70
USW00093721,"BALTIMORE WASHINGTON INTERNATIONAL AIRPORT, MD US",39.1733,-76.684,47.5,2014-06-27,7.61,0,0,0,76,81,66
USW00093721,"BALTIMORE WASHINGTON INTERNATIONAL AIRPORT, MD US",39.1733,-76.684,47.5,2014-06-28,4.03,0,0,0,74,83,61
USW00093721,"BALTIMORE WASHINGTON INTERNATIONAL AIRPORT, MD US",39.1733,-76.684,47.5,2014-06-29,3.58,0,0,0,75,83,61
USW00093721,"BALTIMORE WASHINGTON INTERNATIONAL AIRPORT, MD US",39.1733,-76.684,47.5,2014-06-30,5.82,0,0,0,77,86,69
USW00093721,"BALTIMORE WASHINGTON INTERNATIONAL AIRPORT, MD US",39.1733,-76.684,47.5,2014-07-01,5.37,0,0,0,80,91,71
USW00093721,"BALTIMORE WASHINGTON INTERNATIONAL AIRPORT, MD US",39.1733,-76.684,47.5,2014-07-02,4.47,0.48,0,0,83,93,73
USW00093721,"BALTIMORE WASHINGTON INTERNATIONAL AIRPORT, MD US",39.1733,-76.684,47.5,2014-07-03,3.36,0.35,0,0,79,89,72
USW00093721,"BALTIMORE WASHINGTON INTERNATIONAL AIRPORT, MD US",39.1733,-76.684,47.5,2014-07-04,10.51,0.13,0,0,74,80,63
USW00093721,"BALTIMORE WASHINGTON INTERNATIONAL AIRPORT, MD US",39.1733,-76.684,47.5,2014-07-05,4.25,0,0,0,70,82,55
USW00093721,"BALTIMORE WASHINGTON INTERNATIONAL AIRPORT, MD US",39.1733,-76.684,47.5,2014-07-06,5.82,0,0,0,72,86,58
USW00093721,"BALTIMORE WASHINGTON INTERNATIONAL AIRPORT, MD US",39.1733,-76.684,47.5,2014-07-07,8.28,0,0,0,81,91,72
USW00093721,"BALTIMORE WASHINGTON INTERNATIONAL AIRPORT, MD US",39.1733,-76.684,47.5,2014-07-08,7.61,0.19,0,0,84,93,69
USW00093721,"BALTIMORE WASHINGTON INTERNATIONAL AIRPORT, MD US",39.1733,-76.684,47.5,2014-07-09,4.47,0,0,0,76,88,70
USW00093721,"BALTIMORE WASHINGTON INTERNATIONAL AIRPORT, MD US",39.1733,-76.684,47.5,2014-07-10,5.14,0,0,0,76,84,68
USW00093721,"BALTIMORE WASHINGTON INTERNATIONAL AIRPORT, MD US",39.1733,-76.684,47.5,2014-07-11,3.8,0,0,0,76,86,64
USW00093721,"BALTIMORE WASHINGTON INTERNATIONAL AIRPORT, MD US",39.1733,-76.684,47.5,2014-07-12,4.92,0,0,0,78,87,67
USW00093721,"BALTIMORE WASHINGTON INTERNATIONAL AIRPORT, MD US",39.1733,-76.684,47.5,2014-07-13,6.93,0.35,0,0,81,92,70
USW00093721,"BALTIMORE WASHINGTON INTERNATIONAL AIRPORT, MD US",39.1733,-76.684,47.5,2014-07-14,2.01,0.23,0,0,79,89,71
USW00093721,"BALTIMORE WASHINGTON INTERNATIONAL AIRPORT, MD US",39.1733,-76.684,47.5,2014-07-15,2.24,0.84,0,0,77,88,71
USW00093721,"BALTIMORE WASHINGTON INTERNATIONAL AIRPORT, MD US",39.1733,-76.684,47.5,2014-07-16,4.92,0,0,0,74,81,64
USW00093721,"BALTIMORE WASHINGTON INTERNATIONAL AIRPORT, MD US",39.1733,-76.684,47.5,2014-07-17,5.37,0,0,0,71,81,61
USW00093721,"BALTIMORE WASHINGTON INTERNATIONAL AIRPORT, MD US",39.1733,-76.684,47.5,2014-07-18,2.91,0,0,0,71,83,57
USW00093721,"BALTIMORE WASHINGTON INTERNATIONAL AIRPORT, MD US",39.1733,-76.684,47.5,2014-07-19,4.25,0,0,0,73,80,66
USW00093721,"BALTIMORE WASHINGTON INTERNATIONAL AIRPORT, MD US",39.1733,-76.684,47.5,2014-07-20,4.92,0,0,0,74,81,70
USW00093721,"BALTIMORE WASHINGTON INTERNATIONAL AIRPORT, MD US",39.1733,-76.684,47.5,2014-07-21,2.01,0,0,0,74,83,69
USW00093721,"BALTIMORE WASHINGTON INTERNATIONAL AIRPORT, MD US",39.1733,-76.684,47.5,2014-07-22,4.03,0,0,0,76,85,69
USW00093721,"BALTIMORE WASHINGTON INTERNATIONAL AIRPORT, MD US",39.1733,-76.684,47.5,2014-07-23,4.92,0.12,0,0,80,94,70
USW00093721,"BALTIMORE WASHINGTON INTERNATIONAL AIRPORT, MD US",39.1733,-76.684,47.5,2014-07-24,4.47,0,0,0,75,81,61
USW00093721,"BALTIMORE WASHINGTON INTERNATIONAL AIRPORT, MD US",39.1733,-76.684,47.5,2014-07-25,4.47,0,0,0,71,83,57
USW00093721,"BALTIMORE WASHINGTON INTERNATIONAL AIRPORT, MD US",39.1733,-76.684,47.5,2014-07-26,3.36,0.03,0,0,74,88,63
USW00093721,"BALTIMORE WASHINGTON INTERNATIONAL AIRPORT, MD US",39.1733,-76.684,47.5,2014-07-27,5.59,0.08,0,0,78,89,72
USW00093721,"BALTIMORE WASHINGTON INTERNATIONAL AIRPORT, MD US",39.1733,-76.684,47.5,2014-07-28,11.63,0,0,0,78,86,65
USW00093721,"BALTIMORE WASHINGTON INTERNATIONAL AIRPORT, MD US",39.1733,-76.684,47.5,2014-07-29,6.71,0,0,0,69,76,59
USW00093721,"BALTIMORE WASHINGTON INTERNATIONAL AIRPORT, MD US",39.1733,-76.684,47.5,2014-07-30,3.58,0,0,0,68,81,55
USW00093721,"BALTIMORE WASHINGTON INTERNATIONAL AIRPORT, MD US",39.1733,-76.684,47.5,2014-07-31,3.8,0,0,0,72,87,59
USW00093721,"BALTIMORE WASHINGTON INTERNATIONAL AIRPORT, MD US",39.1733,-76.684,47.5,2014-08-01,3.8,0.09,0,0,75,81,66
USW00093721,"BALTIMORE WASHINGTON INTERNATIONAL AIRPORT, MD US",39.1733,-76.684,47.5,2014-08-02,5.59,0.2,0,0,71,79,65
USW00093721,"BALTIMORE WASHINGTON INTERNATIONAL AIRPORT, MD US",39.1733,-76.684,47.5,2014-08-03,5.82,0.53,0,0,72,79,65
USW00093721,"BALTIMORE WASHINGTON INTERNATIONAL AIRPORT, MD US",39.1733,-76.684,47.5,2014-08-04,2.91,0,0,0,72,84,61
USW00093721,"BALTIMORE WASHINGTON INTERNATIONAL AIRPORT, MD US",39.1733,-76.684,47.5,2014-08-05,1.79,0,0,0,75,89,63
USW00093721,"BALTIMORE WASHINGTON INTERNATIONAL AIRPORT, MD US",39.1733,-76.684,47.5,2014-08-06,3.58,0,0,0,73,82,64
USW00093721,"BALTIMORE WASHINGTON INTERNATIONAL AIRPORT, MD US",39.1733,-76.684,47.5,2014-08-07,4.47,0,0,0,74,84,64
USW00093721,"BALTIMORE WASHINGTON INTERNATIONAL AIRPORT, MD US",39.1733,-76.684,47.5,2014-08-08,2.91,0,0,0,72,84,59
USW00093721,"BALTIMORE WASHINGTON INTERNATIONAL AIRPORT, MD US",39.1733,-76.684,47.5,2014-08-09,3.8,0,0,0,73,84,60
USW00093721,"BALTIMORE WASHINGTON INTERNATIONAL AIRPORT, MD US",39.1733,-76.684,47.5,2014-08-10,3.36,0,0,0,75,86,63
USW00093721,"BALTIMORE WASHINGTON INTERNATIONAL AIRPORT, MD US",39.1733,-76.684,47.5,2014-08-11,4.03,0.01,0,0,74,83,61
USW00093721,"BALTIMORE WASHINGTON INTERNATIONAL AIRPORT, MD US",39.1733,-76.684,47.5,2014-08-12,5.37,6.3,0,0,72,76,67
USW00093721,"BALTIMORE WASHINGTON INTERNATIONAL AIRPORT, MD US",39.1733,-76.684,47.5,2014-08-13,9.84,0,0,0,76,82,63
USW00093721,"BALTIMORE WASHINGTON INTERNATIONAL AIRPORT, MD US",39.1733,-76.684,47.5,2014-08-14,6.71,0,0,0,70,81,58
USW00093721,"BALTIMORE WASHINGTON INTERNATIONAL AIRPORT, MD US",39.1733,-76.684,47.5,2014-08-15,3.8,0,0,0,68,78,54
USW00093721,"BALTIMORE WASHINGTON INTERNATIONAL AIRPORT, MD US",39.1733,-76.684,47.5,2014-08-16,2.46,0,0,0,69,82,55
USW00093721,"BALTIMORE WASHINGTON INTERNATIONAL AIRPORT, MD US",39.1733,-76.684,47.5,2014-08-17,4.92,0,0,0,74,87,62
USW00093721,"BALTIMORE WASHINGTON INTERNATIONAL AIRPORT, MD US",39.1733,-76.684,47.5,2014-08-18,3.8,0,0,0,73,80,64
USW00093721,"BALTIMORE WASHINGTON INTERNATIONAL AIRPORT, MD US",39.1733,-76.684,47.5,2014-08-19,6.49,0,0,0,75,82,68
USW00093721,"BALTIMORE WASHINGTON INTERNATIONAL AIRPORT, MD US",39.1733,-76.684,47.5,2014-08-20,2.46,0.01,0,0,74,84,64
USW00093721,"BALTIMORE WASHINGTON INTERNATIONAL AIRPORT, MD US",39.1733,-76.684,47.5,2014-08-21,2.01,0.01,0,0,74,87,64
USW00093721,"BALTIMORE WASHINGTON INTERNATIONAL AIRPORT, MD US",39.1733,-76.684,47.5,2014-08-22,3.8,0,0,0,75,78,67
USW00093721,"BALTIMORE WASHINGTON INTERNATIONAL AIRPORT, MD US",39.1733,-76.684,47.5,2014-08-23,7.61,0.21,0,0,71,72,67
USW00093721,"BALTIMORE WASHINGTON INTERNATIONAL AIRPORT, MD US",39.1733,-76.684,47.5,2014-08-24,5.14,0,0,0,71,79,64
USW00093721,"BALTIMORE WASHINGTON INTERNATIONAL AIRPORT, MD US",39.1733,-76.684,47.5,2014-08-25,4.25,0,0,0,71,81,59
USW00093721,"BALTIMORE WASHINGTON INTERNATIONAL AIRPORT, MD US",39.1733,-76.684,47.5,2014-08-26,2.01,0,0,0,72,86,60
USW00093721,"BALTIMORE WASHINGTON INTERNATIONAL AIRPORT, MD US",39.1733,-76.684,47.5,2014-08-27,2.01,0,0,0,75,89,60
USW00093721,"BALTIMORE WASHINGTON INTERNATIONAL AIRPORT, MD US",39.1733,-76.684,47.5,2014-08-28,6.71,0,0,0,78,84,62
USW00093721,"BALTIMORE WASHINGTON INTERNATIONAL AIRPORT, MD US",39.1733,-76.684,47.5,2014-08-29,4.92,0,0,0,69,78,55
USW00093721,"BALTIMORE WASHINGTON INTERNATIONAL AIRPORT, MD US",39.1733,-76.684,47.5,2014-08-30,4.47,0,0,0,71,83,62
USW00093721,"BALTIMORE WASHINGTON INTERNATIONAL AIRPORT, MD US",39.1733,-76.684,47.5,2014-08-31,5.37,0.54,0,0,80,92,73
USW00093721,"BALTIMORE WASHINGTON INTERNATIONAL AIRPORT, MD US",39.1733,-76.684,47.5,2014-09-01,2.91,0.08,0,0,79,89,73
USW00093721,"BALTIMORE WASHINGTON INTERNATIONAL AIRPORT, MD US",39.1733,-76.684,47.5,2014-09-02,4.03,0.06,0,0,80,92,72
USW00093721,"BALTIMORE WASHINGTON INTERNATIONAL AIRPORT, MD US",39.1733,-76.684,47.5,2014-09-03,0.89,0,0,0,76,84,67
USW00093721,"BALTIMORE WASHINGTON INTERNATIONAL AIRPORT, MD US",39.1733,-76.684,47.5,2014-09-04,3.8,0,0,0,75,86,65
USW00093721,"BALTIMORE WASHINGTON INTERNATIONAL AIRPORT, MD US",39.1733,-76.684,47.5,2014-09-05,3.36,0,0,0,79,91,71
USW00093721,"BALTIMORE WASHINGTON INTERNATIONAL AIRPORT, MD US",39.1733,-76.684,47.5,2014-09-06,5.14,0.65,0,0,81,93,71
USW00093721,"BALTIMORE WASHINGTON INTERNATIONAL AIRPORT, MD US",39.1733,-76.684,47.5,2014-09-07,5.82,0,0,0,73,81,65
USW00093721,"BALTIMORE WASHINGTON INTERNATIONAL AIRPORT, MD US",39.1733,-76.684,47.5,2014-09-08,10.07,0,0,0,70,74,63
USW00093721,"BALTIMORE WASHINGTON INTERNATIONAL AIRPORT, MD US",39.1733,-76.684,47.5,2014-09-09,10.51,0,0,0,70,77,66
USW00093721,"BALTIMORE WASHINGTON INTERNATIONAL AIRPORT, MD US",39.1733,-76.684,47.5,2014-09-10,4.47,0,0,0,72,79,67
USW00093721,"BALTIMORE WASHINGTON INTERNATIONAL AIRPORT, MD US",39.1733,-76.684,47.5,2014-09-11,6.26,0,0,0,76,89,68
USW00093721,"BALTIMORE WASHINGTON INTERNATIONAL AIRPORT, MD US",39.1733,-76.684,47.5,2014-09-12,5.82,0,0,0,71,77,63
USW00093721,"BALTIMORE WASHINGTON INTERNATIONAL AIRPORT, MD US",39.1733,-76.684,47.5,2014-09-13,4.7,0.15,0,0,65,68,55
USW00093721,"BALTIMORE WASHINGTON INTERNATIONAL AIRPORT, MD US",39.1733,-76.684,47.5,2014-09-14,3.13,0,0,0,60,70,49
USW00093721,"BALTIMORE WASHINGTON INTERNATIONAL AIRPORT, MD US",39.1733,-76.684,47.5,2014-09-15,2.46,0,0,0,61,72,51
USW00093721,"BALTIMORE WASHINGTON INTERNATIONAL AIRPORT, MD US",39.1733,-76.684,47.5,2014-09-16,4.7,0,0,0,66,76,53
USW00093721,"BALTIMORE WASHINGTON INTERNATIONAL AIRPORT, MD US",39.1733,-76.684,47.5,2014-09-17,2.01,0,0,0,62,74,51
USW00093721,"BALTIMORE WASHINGTON INTERNATIONAL AIRPORT, MD US",39.1733,-76.684,47.5,2014-09-18,2.68,0.01,0,0,62,72,52
USW00093721,"BALTIMORE WASHINGTON INTERNATIONAL AIRPORT, MD US",39.1733,-76.684,47.5,2014-09-19,8.05,0,0,0,63,75,51
USW00093721,"BALTIMORE WASHINGTON INTERNATIONAL AIRPORT, MD US",39.1733,-76.684,47.5,2014-09-20,3.58,0,0,0,69,80,60
USW00093721,"BALTIMORE WASHINGTON INTERNATIONAL AIRPORT, MD US",39.1733,-76.684,47.5,2014-09-21,3.8,0,0,0,68,84,55
USW00093721,"BALTIMORE WASHINGTON INTERNATIONAL AIRPORT, MD US",39.1733,-76.684,47.5,2014-09-22,11.18,0,0,0,68,73,52
USW00093721,"BALTIMORE WASHINGTON INTERNATIONAL AIRPORT, MD US",39.1733,-76.684,47.5,2014-09-23,3.36,0,0,0,59,72,44
USW00093721,"BALTIMORE WASHINGTON INTERNATIONAL AIRPORT, MD US",39.1733,-76.684,47.5,2014-09-24,10.07,0.03,0,0,60,71,47
USW00093721,"BALTIMORE WASHINGTON INTERNATIONAL AIRPORT, MD US",39.1733,-76.684,47.5,2014-09-25,8.28,1.33,0,0,63,65,59
USW00093721,"BALTIMORE WASHINGTON INTERNATIONAL AIRPORT, MD US",39.1733,-76.684,47.5,2014-09-26,4.03,0,0,0,65,76,52
USW00093721,"BALTIMORE WASHINGTON INTERNATIONAL AIRPORT, MD US",39.1733,-76.684,47.5,2014-09-27,2.01,0,0,0,66,81,52
USW00093721,"BALTIMORE WASHINGTON INTERNATIONAL AIRPORT, MD US",39.1733,-76.684,47.5,2014-09-28,1.12,0,0,0,67,81,54
USW00093721,"BALTIMORE WASHINGTON INTERNATIONAL AIRPORT, MD US",39.1733,-76.684,47.5,2014-09-29,0.45,0.01,0,0,66,70,59
USW00093721,"BALTIMORE WASHINGTON INTERNATIONAL AIRPORT, MD US",39.1733,-76.684,47.5,2014-09-30,3.58,0.89,0,0,68,77,64
USW00093721,"BALTIMORE WASHINGTON INTERNATIONAL AIRPORT, MD US",39.1733,-76.684,47.5,2014-10-01,3.8,0,0,0,67,74,60
USW00093721,"BALTIMORE WASHINGTON INTERNATIONAL AIRPORT, MD US",39.1733,-76.684,47.5,2014-10-02,2.91,0,0,0,64,72,56
USW00093721,"BALTIMORE WASHINGTON INTERNATIONAL AIRPORT, MD US",39.1733,-76.684,47.5,2014-10-03,6.26,0.12,0,0,63,70,56
USW00093721,"BALTIMORE WASHINGTON INTERNATIONAL AIRPORT, MD US",39.1733,-76.684,47.5,2014-10-04,9.4,0.08,0,0,65,69,43
USW00093721,"BALTIMORE WASHINGTON INTERNATIONAL AIRPORT, MD US",39.1733,-76.684,47.5,2014-10-05,4.03,0,0,0,50,62,36
USW00093721,"BALTIMORE WASHINGTON INTERNATIONAL AIRPORT, MD US",39.1733,-76.684,47.5,2014-10-06,6.04,0,0,0,54,73,39
USW00093721,"BALTIMORE WASHINGTON INTERNATIONAL AIRPORT, MD US",39.1733,-76.684,47.5,2014-10-07,6.26,0.54,0,0,63,69,58
USW00093721,"BALTIMORE WASHINGTON INTERNATIONAL AIRPORT, MD US",39.1733,-76.684,47.5,2014-10-08,6.93,0,0,0,65,76,52
USW00093721,"BALTIMORE WASHINGTON INTERNATIONAL AIRPORT, MD US",39.1733,-76.684,47.5,2014-10-09,4.25,0,0,0,59,70,45
USW00093721,"BALTIMORE WASHINGTON INTERNATIONAL AIRPORT, MD US",39.1733,-76.684,47.5,2014-10-10,5.37,0,0,0,59,61,53
USW00093721,"BALTIMORE WASHINGTON INTERNATIONAL AIRPORT, MD US",39.1733,-76.684,47.5,2014-10-11,4.92,0.43,0,0,54,57,52
USW00093721,"BALTIMORE WASHINGTON INTERNATIONAL AIRPORT, MD US",39.1733,-76.684,47.5,2014-10-12,4.03,0,0,0,54,62,46
USW00093721,"BALTIMORE WASHINGTON INTERNATIONAL AIRPORT, MD US",39.1733,-76.684,47.5,2014-10-13,2.68,0.04,0,0,60,64,58
USW00093721,"BALTIMORE WASHINGTON INTERNATIONAL AIRPORT, MD US",39.1733,-76.684,47.5,2014-10-14,8.95,0,0,0,68,78,63
USW00093721,"BALTIMORE WASHINGTON INTERNATIONAL AIRPORT, MD US",39.1733,-76.684,47.5,2014-10-15,7.61,1.23,0,0,71,76,61
USW00093721,"BALTIMORE WASHINGTON INTERNATIONAL AIRPORT, MD US",39.1733,-76.684,47.5,2014-10-16,4.03,0,0,0,61,64,57
USW00093721,"BALTIMORE WASHINGTON INTERNATIONAL AIRPORT, MD US",39.1733,-76.684,47.5,2014-10-17,5.82,0,0,0,62,72,51
USW00093721,"BALTIMORE WASHINGTON INTERNATIONAL AIRPORT, MD US",39.1733,-76.684,47.5,2014-10-18,9.4,0,0,0,60,72,50
USW00093721,"BALTIMORE WASHINGTON INTERNATIONAL AIRPORT, MD US",39.1733,-76.684,47.5,2014-10-19,9.62,0,0,0,53,59,38
USW00093721,"BALTIMORE WASHINGTON INTERNATIONAL AIRPORT, MD US",39.1733,-76.684,47.5,2014-10-20,3.8,0,0,0,49,66,35
USW00093721,"BALTIMORE WASHINGTON INTERNATIONAL AIRPORT, MD US",39.1733,-76.684,47.5,2014-10-21,4.03,0.72,0,0,58,70,46
USW00093721,"BALTIMORE WASHINGTON INTERNATIONAL AIRPORT, MD US",39.1733,-76.684,47.5,2014-10-22,9.84,0.95,0,0,54,55,52
USW00093721,"BALTIMORE WASHINGTON INTERNATIONAL AIRPORT, MD US",39.1733,-76.684,47.5,2014-10-23,10.96,0,0,0,56,63,52
USW00093721,"BALTIMORE WASHINGTON INTERNATIONAL AIRPORT, MD US",39.1733,-76.684,47.5,2014-10-24,9.62,0,0,0,59,68,48
USW00093721,"BALTIMORE WASHINGTON INTERNATIONAL AIRPORT, MD US",39.1733,-76.684,47.5,2014-10-25,6.26,0,0,0,56,71,43
USW00093721,"BALTIMORE WASHINGTON INTERNATIONAL AIRPORT, MD US",39.1733,-76.684,47.5,2014-10-26,9.62,0,0,0,60,69,42
USW00093721,"BALTIMORE WASHINGTON INTERNATIONAL AIRPORT, MD US",39.1733,-76.684,47.5,2014-10-27,2.24,0,0,0,54,71,39
USW00093721,"BALTIMORE WASHINGTON INTERNATIONAL AIRPORT, MD US",39.1733,-76.684,47.5,2014-10-28,3.13,0,0,0,60,80,47
USW00093721,"BALTIMORE WASHINGTON INTERNATIONAL AIRPORT, MD US",39.1733,-76.684,47.5,2014-10-29,3.58,0.05,0,0,63,69,44
USW00093721,"BALTIMORE WASHINGTON INTERNATIONAL AIRPORT, MD US",39.1733,-76.684,47.5,2014-10-30,4.25,0,0,0,50,60,42
USW00093721,"BALTIMORE WASHINGTON INTERNATIONAL AIRPORT, MD US",39.1733,-76.684,47.5,2014-10-31,4.47,0,0,0,50,57,46
USW00093721,"BALTIMORE WASHINGTON INTERNATIONAL AIRPORT, MD US",39.1733,-76.684,47.5,2014-11-01,11.63,0.11,0,0,49,52,45
USW00093721,"BALTIMORE WASHINGTON INTERNATIONAL AIRPORT, MD US",39.1733,-76.684,47.5,2014-11-02,14.76,0,0,0,46,51,41
USW00093721,"BALTIMORE WASHINGTON INTERNATIONAL AIRPORT, MD US",39.1733,-76.684,47.5,2014-11-03,8.5,0,0,0,47,59,38
USW00093721,"BALTIMORE WASHINGTON INTERNATIONAL AIRPORT, MD US",39.1733,-76.684,47.5,2014-11-04,2.68,0,0,0,52,69,38
USW00093721,"BALTIMORE WASHINGTON INTERNATIONAL AIRPORT, MD US",39.1733,-76.684,47.5,2014-11-05,3.8,0.06,0,0,59,68,52
USW00093721,"BALTIMORE WASHINGTON INTERNATIONAL AIRPORT, MD US",39.1733,-76.684,47.5,2014-11-06,4.47,0.54,0,0,54,60,46
USW00093721,"BALTIMORE WASHINGTON INTERNATIONAL AIRPORT, MD US",39.1733,-76.684,47.5,2014-11-07,11.86,0,0,0,50,56,36
USW00093721,"BALTIMORE WASHINGTON INTERNATIONAL AIRPORT, MD US",39.1733,-76.684,47.5,2014-11-08,3.36,0,0,0,41,50,30
USW00093721,"BALTIMORE WASHINGTON INTERNATIONAL AIRPORT, MD US",39.1733,-76.684,47.5,2014-11-09,2.24,0,0,0,47,58,36
USW00093721,"BALTIMORE WASHINGTON INTERNATIONAL AIRPORT, MD US",39.1733,-76.684,47.5,2014-11-10,2.24,0,0,0,46,61,33
USW00093721,"BALTIMORE WASHINGTON INTERNATIONAL AIRPORT, MD US",39.1733,-76.684,47.5,2014-11-11,2.24,0,0,0,50,66,35
USW00093721,"BALTIMORE WASHINGTON INTERNATIONAL AIRPORT, MD US",39.1733,-76.684,47.5,2014-11-12,7.16,0,0,0,60,67,41
USW00093721,"BALTIMORE WASHINGTON INTERNATIONAL AIRPORT, MD US",39.1733,-76.684,47.5,2014-11-13,5.37,0.04,0,0,42,46,35
USW00093721,"BALTIMORE WASHINGTON INTERNATIONAL AIRPORT, MD US",39.1733,-76.684,47.5,2014-11-14,10.51,0,0,0,37,42,29
USW00093721,"BALTIMORE WASHINGTON INTERNATIONAL AIRPORT, MD US",39.1733,-76.684,47.5,2014-11-15,4.92,0,0,0,34,44,25
USW00093721,"BALTIMORE WASHINGTON INTERNATIONAL AIRPORT, MD US",39.1733,-76.684,47.5,2014-11-16,2.46,0.07,0,0,36,45,28
USW00093721,"BALTIMORE WASHINGTON INTERNATIONAL AIRPORT, MD US",39.1733,-76.684,47.5,2014-11-17,5.82,0.98,0,0,42,49,38
USW00093721,"BALTIMORE WASHINGTON INTERNATIONAL AIRPORT, MD US",39.1733,-76.684,47.5,2014-11-18,15.21,0,0,0,32,39,23
USW00093721,"BALTIMORE WASHINGTON INTERNATIONAL AIRPORT, MD US",39.1733,-76.684,47.5,2014-11-19,7.16,0,0,0,26,36,19
USW00093721,"BALTIMORE WASHINGTON INTERNATIONAL AIRPORT, MD US",39.1733,-76.684,47.5,2014-11-20,8.05,0,0,0,38,52,31
USW00093721,"BALTIMORE WASHINGTON INTERNATIONAL AIRPORT, MD US",39.1733,-76.684,47.5,2014-11-21,7.83,0,0,0,33,37,21
USW00093721,"BALTIMORE WASHINGTON INTERNATIONAL AIRPORT, MD US",39.1733,-76.684,47.5,2014-11-22,4.25,0,0,0,31,48,18
USW00093721,"BALTIMORE WASHINGTON INTERNATIONAL AIRPORT, MD US",39.1733,-76.684,47.5,2014-11-23,4.47,0.06,0,0,44,55,34
USW00093721,"BALTIMORE WASHINGTON INTERNATIONAL AIRPORT, MD US",39.1733,-76.684,47.5,2014-11-24,10.51,0.31,0,0,61,72,48
USW00093721,"BALTIMORE WASHINGTON INTERNATIONAL AIRPORT, MD US",39.1733,-76.684,47.5,2014-11-25,4.92,0,0,0,58,66,42
USW00093721,"BALTIMORE WASHINGTON INTERNATIONAL AIRPORT, MD US",39.1733,-76.684,47.5,2014-11-26,5.82,1.19,0.3,0,41,48,33
USW00093721,"BALTIMORE WASHINGTON INTERNATIONAL AIRPORT, MD US",39.1733,-76.684,47.5,2014-11-27,5.59,0,0,0,38,46,33
USW00093721,"BALTIMORE WASHINGTON INTERNATIONAL AIRPORT, MD US",39.1733,-76.684,47.5,2014-11-28,7.83,0,0,0,35,39,24
USW00093721,"BALTIMORE WASHINGTON INTERNATIONAL AIRPORT, MD US",39.1733,-76.684,47.5,2014-11-29,4.47,0,0,0,33,44,25
USW00093721,"BALTIMORE WASHINGTON INTERNATIONAL AIRPORT, MD US",39.1733,-76.684,47.5,2014-11-30,3.58,0,0,0,47,63,38
USW00093721,"BALTIMORE WASHINGTON INTERNATIONAL AIRPORT, MD US",39.1733,-76.684,47.5,2014-12-01,6.93,0.07,0,0,58,69,43
USW00093721,"BALTIMORE WASHINGTON INTERNATIONAL AIRPORT, MD US",39.1733,-76.684,47.5,2014-12-02,7.38,0.55,0,0,39,43,34
USW00093721,"BALTIMORE WASHINGTON INTERNATIONAL AIRPORT, MD US",39.1733,-76.684,47.5,2014-12-03,5.82,0.03,0,0,40,50,36
USW00093721,"BALTIMORE WASHINGTON INTERNATIONAL AIRPORT, MD US",39.1733,-76.684,47.5,2014-12-04,3.36,0,0,0,39,45,28
USW00093721,"BALTIMORE WASHINGTON INTERNATIONAL AIRPORT, MD US",39.1733,-76.684,47.5,2014-12-05,3.8,0.01,0,0,40,41,39
USW00093721,"BALTIMORE WASHINGTON INTERNATIONAL AIRPORT, MD US",39.1733,-76.684,47.5,2014-12-06,3.58,0.52,0,0,43,49,40
USW00093721,"BALTIMORE WASHINGTON INTERNATIONAL AIRPORT, MD US",39.1733,-76.684,47.5,2014-12-07,10.07,0,0,0,42,47,35
USW00093721,"BALTIMORE WASHINGTON INTERNATIONAL AIRPORT, MD US",39.1733,-76.684,47.5,2014-12-08,9.4,0.01,0,0,34,35,30
USW00093721,"BALTIMORE WASHINGTON INTERNATIONAL AIRPORT, MD US",39.1733,-76.684,47.5,2014-12-09,9.4,0.73,0,0,37,45,33
USW00093721,"BALTIMORE WASHINGTON INTERNATIONAL AIRPORT, MD US",39.1733,-76.684,47.5,2014-12-10,15.21,0,0,0,43,49,37
USW00093721,"BALTIMORE WASHINGTON INTERNATIONAL AIRPORT, MD US",39.1733,-76.684,47.5,2014-12-11,12.97,0.02,0.2,0,36,38,31
USW00093721,"BALTIMORE WASHINGTON INTERNATIONAL AIRPORT, MD US",39.1733,-76.684,47.5,2014-12-12,10.29,0,0,0,38,42,31
USW00093721,"BALTIMORE WASHINGTON INTERNATIONAL AIRPORT, MD US",39.1733,-76.684,47.5,2014-12-13,4.25,0,0,0,35,44,27
USW00093721,"BALTIMORE WASHINGTON INTERNATIONAL AIRPORT, MD US",39.1733,-76.684,47.5,2014-12-14,4.7,0,0,0,39,52,29
USW00093721,"BALTIMORE WASHINGTON INTERNATIONAL AIRPORT, MD US",39.1733,-76.684,47.5,2014-12-15,2.46,0,0,0,47,53,37
USW00093721,"BALTIMORE WASHINGTON INTERNATIONAL AIRPORT, MD US",39.1733,-76.684,47.5,2014-12-16,2.68,0.34,0,0,40,46,33
USW00093721,"BALTIMORE WASHINGTON INTERNATIONAL AIRPORT, MD US",39.1733,-76.684,47.5,2014-12-17,8.72,0,0,0,45,54,35
USW00093721,"BALTIMORE WASHINGTON INTERNATIONAL AIRPORT, MD US",39.1733,-76.684,47.5,2014-12-18,9.62,0,0,0,36,40,32
USW00093721,"BALTIMORE WASHINGTON INTERNATIONAL AIRPORT, MD US",39.1733,-76.684,47.5,2014-12-19,7.83,0,0,0,35,42,28
USW00093721,"BALTIMORE WASHINGTON INTERNATIONAL AIRPORT, MD US",39.1733,-76.684,47.5,2014-12-20,1.57,0,0,0,31,38,24
USW00093721,"BALTIMORE WASHINGTON INTERNATIONAL AIRPORT, MD US",39.1733,-76.684,47.5,2014-12-21,2.68,0,0,0,34,42,27
USW00093721,"BALTIMORE WASHINGTON INTERNATIONAL AIRPORT, MD US",39.1733,-76.684,47.5,2014-12-22,3.8,0.22,0,0,32,40,23
USW00093721,"BALTIMORE WASHINGTON INTERNATIONAL AIRPORT, MD US",39.1733,-76.684,47.5,2014-12-23,1.57,0.08,0,0,43,49,40
USW00093721,"BALTIMORE WASHINGTON INTERNATIONAL AIRPORT, MD US",39.1733,-76.684,47.5,2014-12-24,3.8,0.85,0,0,48,61,46
USW00093721,"BALTIMORE WASHINGTON INTERNATIONAL AIRPORT, MD US",39.1733,-76.684,47.5,2014-12-25,10.96,0.08,0,0,52,61,35
USW00093721,"BALTIMORE WASHINGTON INTERNATIONAL AIRPORT, MD US",39.1733,-76.684,47.5,2014-12-26,3.58,0,0,0,41,53,28
USW00093721,"BALTIMORE WASHINGTON INTERNATIONAL AIRPORT, MD US",39.1733,-76.684,47.5,2014-12-27,1.12,0,0,0,41,58,28
USW00093721,"BALTIMORE WASHINGTON INTERNATIONAL AIRPORT, MD US",39.1733,-76.684,47.5,2014-12-28,2.91,0.04,0,0,46,60,35
USW00093721,"BALTIMORE WASHINGTON INTERNATIONAL AIRPORT, MD US",39.1733,-76.684,47.5,2014-12-29,2.91,0.03,0,0,43,45,36
USW00093721,"BALTIMORE WASHINGTON INTERNATIONAL AIRPORT, MD US",39.1733,-76.684,47.5,2014-12-30,4.47,0,0,0,37,42,25
USW00093721,"BALTIMORE WASHINGTON INTERNATIONAL AIRPORT, MD US",39.1733,-76.684,47.5,2014-12-31,5.37,0,0,0,28,35,20